timestamp,equity,cash,open_positions,symbols_scanned,symbols_with_data,symbols_with_errors,eligible_new_entry_symbols
2026-10-07T17:04:26.073449+00:00,999.3479278357249,564.7780082921348,5,506,502,,
2026-10-07T20:13:33.029780+00:00,1004.9977381774248,407.5136605219765,6,410,410,0.0,407.0
2026-10-08T00:15:44.199717+00:00,1007.4909120599307,307.013886704234,7,410,410,0.0,407.0
2026-10-08T06:19:41.971779+00:00,1000.3461885924992,303.16387208427693,7,410,410,0.0,407.0
2026-10-08T13:57:32.131595+00:00,994.6311916368452,194.3295416758258,8,410,410,0.0,407.0
2026-10-08T19:50:51.683259+00:00,982.3721475275818,783.2667191745526,2,407,407,0.0,407.0
2026-10-09T00:16:18.342195+00:00,982.8435981990933,586.7922896690362,4,407,407,0.0,407.0
2026-10-09T06:21:52.752343+00:00,986.8214234760636,97.8723382681695,9,407,407,0.0,407.0
2026-10-09T13:41:15.223339+00:00,978.89006469161,517.2020885904435,5,407,407,0.0,407.0
2026-10-09T19:03:37.627114+00:00,983.7735298243158,819.9369440206145,2,407,407,0.0,407.0
2026-10-09T23:19:24.441679+00:00,984.3552334942118,919.6335291614923,1,407,407,0.0,407.0
